golden_id,customer_text,support_text,customer_id,customer_tweet_id,support_tweet_id,intent,annotation_notes,predicted_intent
1,@AppleSupport I’ve searched msg boards and have found my challenge to be common complaint. Troubleshooting is to no avail - please push an update to 11.1.2. Location services is running constant - only way to prevent is to block all together &amp; wifi turns on w/o request &amp; not on known networks,"@275669 We'll gladly work together with you on this. Which iOS version is currently installed? Also, can you provide us with more details about what you're experiencing? DM us your response. https://t.co/GDrqU22YpT",275669,654400,654399,software_update,,connectivity
2,@AppleSupport Hi! I have a 5S and I recently updated to 11.0.2. Can’t make calls as earpiece isn’t o,@335044 We'd love to help with your iPhone. Which iPhone do you have &amp; what exact version of iOS is installed currently?,335044,905818,905816,hardware_device,,software_update
3,"@AppleSupport @182714 Hello sir 
Yesterday i was update my iphone 7 
Ios 11.1 
Its taking too much battery life what should i do 
Every 2 hour my mobile is off","@182714 We know how important battery life is, and we’d like to help. Send us a DM to get started. https://t.co/GDrqU22YpT",182715,279864,279863,battery_charging,,battery_charging
4,"@AppleSupport It's been happening for over a year. It's very widespread and common, I'm surprised you haven't solved it. IPhone 6s.","@775653 When did this begin? Also, what device are you using with Exchange?",775653,2775914,2775913,general_troubleshooting,,app_issue
5,"@AppleSupport Since I've updated to High Sierra, I've a problem converting my videos with Quick Time, the output format does not respect the ratios and the video is not good... Do you know this issue ?",@267166 We offer support via Twitter in English. Contact us for help in your preferred language here: https://t.co/IBIY3vMgPj,267166,620055,620056,software_update,,software_update
6,"@AppleSupport Hi, it’s solved. I think because there is pending payment on my credit card so I can’t change my card detail. Thanks",@416550 We'd be happy to look into this with you more in detail.  Reach out to us via DM and we'll get started. https://t.co/GDrqU22YpT,416550,1266538,1266537,billing_payment,,billing_payment
7,@AppleSupport iPhone 7 currently running iOS 11.0.3 !!! I really loved having the ability to control Spotify from my lock screen,@397957 Thanks for reaching out. Which iPhone model do you have and what iOS version are you currently running?,397957,1181950,1181951,services_media,,software_update
8,@AppleSupport I updated my iPhone 6s to iOS 11.1 &amp; now my messages are taking forever to send &amp; say delivered in or out of WiFi 🤦🏽‍♀️,@129792 We want your iPhone to work for you. DM us details about what exactly is happening and we'll continue with you there. https://t.co/GDrqU22YpT,129792,60320,60321,connectivity,,connectivity
9,@AppleSupport @476798 Help me too. This is ass!,@476798 We want to help you get things working smoothly. Send us a DM and we'll continue from there. https://t.co/GDrqU22YpT,476799,1538037,1538036,general_troubleshooting,,app_issue
10,"@AppleSupport Majority of my apps won't open past the loading page or crash if they do, letters won't always appear when I type, it won't connect to wifi",@558423 Please tell us more about what you're experiencing. We want to help.,558423,1869646,1869645,app_issue,,connectivity
11,@AppleSupport Correct and the screen is scrambling,@554238 Is the iPhone unable to respond when you tap on it? We just want to be sure we know exactly what is happening.,554238,1851791,1851792,hardware_device,,app_issue
12,@AppleSupport A month or 2,"@204728 We'd like to help.  Which device are you using and how long ago did you notice the battery issue, please?",204728,374233,374234,general_troubleshooting,,app_issue
13,@AppleSupport Is there a limit on that?,@162331 We're here for you. Your Mac will store your Time Machine backups even if you're not creating them regularly.,162331,854600,854599,general_troubleshooting,,app_issue
14,"@AppleSupport This is what movies anywhere settings look like, I dont have those settings, that is why I can't connect or disconnect my itunes account https://t.co/ylONULiI1L",@164026 Take a look at this and see if this is useful to you: https://t.co/Ohh3kjdOhO,164026,1192069,1192065,services_media,,services_media
15,"@AppleSupport Thanks, but I couldn’t see specific sellers listed under this whoever are sellers in Flipkart, whereas @118702 is listed as authorized online partner. Isn’t this confusing?? 😳 @115858 is it that tough to find out an authorized online partner to buy an iPhone in India??",@253573 We're happy to help. You can find Authorized Resellers here: https://t.co/94mhpwW7GS,253573,569244,569243,order_purchase,,app_issue
16,"@AppleSupport Since I update the software, the screen freezes all the time completely at random",@327185 We're here to help you. Is this occurring completely at random or does it happen more when using specific applications?,327185,872698,872697,hardware_device,,software_update
17,"@AppleSupport I can’t see people’s texts who don’t own Apple products. Like, the watch shows when they text me but I can’t open the message app to read it","@315979 We're here and happy to help. To start, can you tell us what's happening with your Apple Watch?",315979,822734,822731,services_media,,app_issue
18,"@AppleSupport Why do you only reply to new issues, immediately move them to DM, then ignore them?",@128896 Is iTunes currently updating in the App Store? Let us know in DM and we'll look into this. https://t.co/GDrqU22YpT,128896,56948,56947,general_troubleshooting,,app_issue
19,"@AppleSupport I was doing it all through the phone, no iTunes or computers were involved. So the second situation, it couldn’t find the iCloud backup","@691097 To make sure we're on the same page, were you resetting through iTunes, but it didn't find the backup, or when setting up the device, through the Setup Assistant, it couldn't find the iCloud backup?",691097,2402123,2402122,account_access,,account_access
21,@AppleSupport Nvermind! You all fixed something on the back end and now my order is magically showing up. Thanks!,@430308 Thanks for reaching out. Go ahead and contact our Sales team for more assistance on this:  https://t.co/8yjRd1Xo0i,430308,1329993,1329992,order_purchase,,order_purchase
22,@AppleSupport Yep. I've tried it so many times. This problem has occurred after updating my device to iOS 11.,@433927 We'd be happy to help. Have you tried restarting your device?,433927,1346249,1346248,general_troubleshooting,,software_update
23,@AppleSupport it’s 11.1.1,@154028 Got it. Please tell us which version of iOS you have installed on your iPhone. You'll see this in Settings &gt; General &gt; About.,154028,164189,164188,general_troubleshooting,,app_issue
24,"@AppleSupport  after entering password 3 times it made me change password which means my other 3 devices had to be changed also, it's a joke",@657129 Let's take a look at this together. What happens when you try to use your keyboard? Have you tried other USB ports?,657129,2256210,2256213,account_access,,account_access
25,@AppleSupport Can I get a new screen?,"@546830 We definitely want to take a look into some options for you. Let’s move over to DM, and we’ll get started there. https://t.co/GDrqU22YpT",546830,1821487,1821486,hardware_device,,app_issue
26,"@AppleSupport It seems to have resolved on its own! Not sure what happened, but the time/date is back on my lock screen. Thank you for your response.",@550818 Let's look into this lock screen issue for you. Does this issue persist after restarting your device? Let us know in DM. https://t.co/GDrqU22YpT,550818,1837267,1837266,general_troubleshooting,,app_issue
27,"@AppleSupport Thanks. Goes to activation lock page asking for ID/password. Can't get in. Changed password on my phone, still no joy.",@310156 We're here for you. What happens when you try to get into your iPad?,310156,797600,797599,account_access,,account_access
28,@AppleSupport iPhone 7 with no screen protector,"@422767 This behavior is not intended. Could you let us know the device model you have, and do you have a screen protector installed?",422767,1295131,1295130,general_troubleshooting,,app_issue
29,@AppleSupport They finally showed up - thanks.  Although I think my shipping dates slipped a bit from when I had placed he reservations...,@436060 We want to help.  Have you checked your Junk mail folders to see if it arrived there?,436060,1355427,1355426,order_purchase,,order_purchase
30,@AppleSupport i powered off my phone and all my photos and videos are wiped.,"In iOS 11, you've got more control over the Control Center. Here's how to customize it.

Learn more: https://t.co/zgMxUxLc7d https://t.co/aos5AvxUZO",820823,661629,661563,hardware_device,,app_issue
31,@AppleSupport But I have enough availabe storage space and full wi-fi network. Also already tried to remove and download the ios again,@728452 Got it. Let's try all the suggestions here to see if that works: https://t.co/Ui1yTnOCUz,728452,2568139,2568138,software_update,,connectivity
32,@AppleSupport Thank you! It’s on an iPhone7 Plus running on iOS 11.0.3. So far I’ve restarted my phone &amp; also toggled iMessage on and off but no luck. Lol,@405412 We're happy to take a look in to this with you and figure out what is going on! What device is this on?,405412,1216339,1216338,general_troubleshooting,,software_update
33,@AppleSupport Pandora usually but it happens even when I’m not using any apps just on the home screen,@337320 We are here to help out. Using any specific apps when this happens? What do you need to do to get it working right again?,337320,915239,915238,battery_charging,,app_issue
34,@AppleSupport Yes... from the Photos app... or screenshots.,@474867 We'd love to help. Are you attempting to send the photo from the Photos app?,474867,1530048,1530047,general_troubleshooting,,app_issue
35,"@AppleSupport Nothing tried sliding it up, down, true tone thing and no response. It was fine before i went to bed then it did the update.",@362057 We'd be happy to look into this with you. Can you tell us what happens when you do try to change the brightness?,362057,1022919,1022918,hardware_device,,software_update
36,@AppleSupport For specific apps like WhatsApp...and my internet connection is working perfectly,@289656 We'd like to help! Can you tell us if the notifications is on a specific app or all apps?,289656,709532,709531,app_issue,,connectivity
37,"@AppleSupport I want to activate it via itunes, but when I connect to itunes its error 💆",@359111 We're here to help! Check out this article regarding iPhone activation: https://t.co/ywHIZGN4Ac,359111,1010508,1010507,account_access,,services_media
38,@AppleSupport my apple music app loads but doesn't show any of my music. just says we've run into a problem,"@733221 We expect you to have a great experience with iOS 11. Just to be sure we understand, can you describe what you're experiencing?",733221,2587920,2587919,services_media,,services_media
39,@AppleSupport it's saying that activation is unsuccessful :////,@135051 We're here for you. Tell us what's happening with iMessage. We'll do everything that we can to getting this sorted for you.,135051,87043,87042,account_access,,app_issue
40,@AppleSupport It doesn’t happen when using an app. The phone totates the screen at its will! Even if untouched...,@563412 We'd like to help with your new iPhone. Please DM us details on which apps you're using when it stops responding. https://t.co/GDrqU22YpT,563412,1889264,1889263,hardware_device,,app_issue
41,@AppleSupport No it’s not every time I try logging in it says connecting to iCloud then it just redirects me to this https://t.co/A46cKUdbAx,@575205 We want to help. Is your device currently signed in to iCloud successfully?,575205,1932987,1932988,account_access,,account_access
42,@AppleSupport This is the update I’m having a problem with the 11.1.1 update it’s horrendous!!! I have the iPhone 6+ and it is slow and freezes regularly when typing a message it’s very frustrating!!!,"@670382 We recently released an iOS update, 11.1.1. Let’s be sure to back up your device prior to updating. How to back up: https://t.co/4f8hwT5to6",670382,2311591,2311590,software_update,,software_update
43,"@AppleSupport @717328 After updating ios(11.1.3) my iphone 5s restarted again and again,only apple logo show and start the phone again ,when i'm connected to the wall charger it will on my battery is ok and touch panel is also ok,so what kind of shit is this😡😡😡😡😡","@717328 Thank you for checking those for us. What happens when it restarts? Does it automatically come back on? Do you see the Apple logo, spinning wheels, colored screens, etc.? Let us know in DM. https://t.co/GDrqU22YpT",717330,2518244,2518242,software_update,,battery_charging
44,@AppleSupport Not sure how that is going to fix my phone saying it’s charging when it isn’t....,@572843 Here’s what you can do to work around the issue until it’s fixed in a future software update: https://t.co/qODbOsp4wz,572843,1924502,1924501,battery_charging,,battery_charging
45,@AppleSupport How about u just get the phone to me. Stuck in China for 8 days. Expidited fast shipping my ass,"Face ID. Animoji. Wireless charging. Become an expert on all-things iPhone X with these helpful articles.
https://t.co/JChd1AwZUM",727068,92824,92818,order_purchase,,order_purchase
46,"@AppleSupport @176839 Come on Apple, don’t look surprised, there are posts on forum ALL OVER THE INTERNET, you know about this, don’t act stupid.","@176839 When you're updating, are you connected to Wi-Fi or using cellular data?",269713,255790,255788,general_troubleshooting,,connectivity
47,@AppleSupport The link talk about maximising battery and not solution to my battery issue.,"@201084 Great, thanks! This link details many ways to get the most out of your device battery:  https://t.co/yg6xBLkjbL",201084,359280,359279,battery_charging,,battery_charging
48,"@AppleSupport  can't sign in to https://t.co/LzhByAxOD1 via imac, but other 3 devices have signed in ok with new password, the update is the problem!","@657129 If you're able to sign in at https://t.co/tmRhWEkIq4, that means you're using the correct password. Let's meet in DM to see what's different on your Mac that's not allowing the password to be recognized correctly. https://t.co/GDrqU22YpT",657129,2256209,2256208,account_access,,account_access
49,@AppleSupport Yes. I have that and my phone is a mess.,@302497 Thank you for reaching out to us. We're here to help. What version of iOS 11 do you have? iOS 11.0.3 is the latest version.,302497,763667,763666,general_troubleshooting,,app_issue
50,@AppleSupport I had to reset Apple ID warnings to proceed! Now I have pages installed... but expected the software to prompt me rather than me waiting and wasting so much time! Highly unacceptable... ☹️,@458042 We'd like to look into this issue with you. Please DM us more about what's happening and any steps you've already tried. https://t.co/GDrqU22YpT,458042,2833049,2833048,account_access,,account_access
51,"@AppleSupport You should be able to select a payment option, that’s ridiculous.",@775665 Thanks for reaching out! This is expected behavior with Family Sharing. Check out this article for more information: https://t.co/QlgvVVFJem,775665,2775967,2775966,billing_payment,,billing_payment
52,"@AppleSupport Yes, until I went to an Apple Store and they gave me a replacement 😤
Sort out your software issues already!!! 😡",@159407 Is this issue continuing with your iPhone?  Were you able to complete the restore?  Please let us know.  We'd love to help out.,159407,184421,184420,hardware_device,,software_update
53,"@AppleSupport iPhone 6 doesn't hold the hardware capability of running the new ios software, it'll just slow it down further which isn't surprising. By your logic, ""you'll need to update the ios.After that, still slow? Ah should upgrade your device"".No thanks Mr.steal yo money.","@707811 We can help out with Siri, but we will need to upate to the latest version of the iOS.  It will help us isolate the issue further.",707811,2476101,2476100,software_update,,software_update
54,@AppleSupport When I plugged my phone into iTunes this evening a software update popped up. But no OTA update available,@472156 We'd like to explore this further with you. Send us a DM and we'll continue from there. https://t.co/GDrqU22YpT,472156,1517867,1517866,software_update,,software_update
55,@AppleSupport Purchased via iTunes,@662073 Let's get this to show properly. Are you an Apple Music member? Is this music that was imported to your library or purchased via iTunes?,662073,2276379,2276383,order_purchase,,services_media
56,"@AppleSupport of course. 2x power button (off-on) » same issue. home button, unlock phone » normal (portrait) mode. itt happened only one times, cannot repeating. 
… so a have bigger problem… my iphone very, very lazy, and slow. but only the original apple apps..",@149321 Thanks for that info. Could you tell us what you were doing when this happened? Did you exit an app in landscape mode?,149321,146776,146775,hardware_device,,app_issue
57,"@AppleSupport I delete the apps and every time I update one of the apps remained on the phone, all the deleted apps are coming back. No music or movies.",@299009 Reach out to us in DM and we can start looking into this together. https://t.co/GDrqU22YpT,299009,748830,748828,app_issue,,software_update
58,"@AppleSupport Yeah, same error if I use the cellular service, I've tried to reset my MacBook and iPhone but the problem stills there, I hope it will be resolved by itself","@808824 Got it. We also checked the System Status and an outage has not been reported. That being said, have you been connected to the same Wi-Fi network? When you disable Wi-Fi on your iPhone to use only the cellular service, do you receive the same error?",808824,2922692,2922691,connectivity,,connectivity
59,"@AppleSupport @342368 Due to the update, for the first time ever I looked into getting a Samsung.",@342368 We can help. Tell us what you'e experiencing and we'll get started.,342369,938112,938111,software_update,,software_update
60,"@AppleSupport Ipn 6s. iOS11. Wifi works. 

I have to activate cellular to hit play, without wifi. Podcasts should play back buffered ctnt without inet！",@321967 Let’s investigate this together. Which device and OS are you using? Have you been able to test Wi-Fi?,321967,849994,849993,services_media,,connectivity
61,@AppleSupport This started when I upgraded to iOS 11. Current version iOS 11.0.3 iPhone 6s.,@432301 We want to help you enjoy the Music app again. When did this issue start? Any recent changes to the device?,432301,1338884,1338883,software_update,,software_update
62,"@AppleSupport yes.. once i just press the home button to see the time., the wifi turns on in the phone automatically.","@171699 It sounds like you're saying that your Wi-Fi is back on in the morning even though you turned it off at night, right?",171699,233934,233938,connectivity,,connectivity
63,@AppleSupport Would to say “ hey Siri “ without is charging?! How s7 that you can to say “ ok google “ A any time. Without is in the charger?!?!,"Looking for Siri on #iPhoneX? You can either say ""Hey Siri"" or press and hold the side button to ask a question. https://t.co/XyIjiaioXi",666016,2286641,2286633,general_troubleshooting,,battery_charging
64,@AppleSupport 11.1.2 It says it’s updated to the latest version.,@542881 We'd love to help with your text problem! Which version of iOS 11 have you updated to?,542881,2924665,2924664,general_troubleshooting,,software_update
65,"@AppleSupport 11.1.2 , I’ve turned off the background usage and automatic updates. Still draining the battery",@148888 We want to help get your phone working as it should. Which version of iOS 11 is running on your device?,148888,145159,145158,battery_charging,,battery_charging
66,"@AppleSupport I was expecting them to sync, either via iTunes Match or on iBooks. Ones purchases through iTunes seem to appear in ibooks but others don't",@711720 You're welcome! Are you attempting to add the same audiobooks to your iPhone from your computer?,711720,2493135,2493137,services_media,,services_media
67,"@AppleSupport Yes, both! I'm not getting an error, it just doesn't download. Every once in a while it will ask me to log into itunes again and verify with fingerprint,but then it just thinks forever and nothing happens until it asks me again","@587296 We'd be happy to help. Have you tried restarting your device or using Wi-Fi? If you are receiving an error, what error are you getting?",587296,2410137,2410136,app_issue,,services_media
68,@AppleSupport iPhone 7 and yes,@168203 Let's look together at why it's vibrating after the update. Which model do you have and does it have iOS 11.0.2 installed?,168203,218921,218920,general_troubleshooting,,app_issue
69,@AppleSupport Hey! Im currently logged in using my AppleID on my phone - but when trying to use the same ID on my Mac it’s saying incorrect password 😭 which means I can’t download the new updates to get the new iTunes 😩 any ideas? Thanks you x,"@374563 Let's tackle this together. You say that they're not working, but could you tell us how they're not working? Thanks!",374563,1079165,1079167,account_access,,account_access
70,"@AppleSupport I am having ios 11.1.2
Apps like Insta are lagging way too much
Especially when any video post shows up on insta news feed","@150593 We're here to help, let's take a look at this together and make sure your iPhone 6 is performing as you expect. Which version of iOS 11 is currently installed? Does the slowness on the device occur with specific apps and/or features, or with everything?",150593,151480,151479,app_issue,,software_update
71,"@AppleSupport The real test was today, back at work, and it was a fail.  Podcast app shut down about 1 minute in.... just like before the update.",@336275 We're glad to hear that. Let us know if you have any other questions we can help with. We're here for you.,336275,910562,910561,services_media,,software_update
72,"@AppleSupport No I don’t want to go and re download 1000 songs one by one - I just want to auto download the ones which I’ve already added or faved in my library, through Apple Music","@232102 When viewing music you want to download, you should see a ""+"" next to the song or album to download. Learn more here: https://t.co/p0ADuTStXR

If you don't have this option let us know in a DM and we'll help with this. https://t.co/GDrqU22YpT",232102,491486,491485,services_media,,services_media
73,@AppleSupport Nah you’re alright. I don’t need fobbed off with some bullshit. Invest some money in a fucking battery #joke,@733472 Let's take a look at it together. Please join us in DM to get started. https://t.co/GDrqU22YpT,733472,2589205,2589204,battery_charging,,battery_charging
74,@AppleSupport Hello @115858 no I do not have update available on the @118936 and yes is not installed... any reasons why is not installed in my #iphone6,@230307 Great question. This icon indicates the app is not downloaded. Do you have any updates available in the App Store? Have you tapped the app icon for this app?,230307,484538,484537,software_update,,software_update
75,"@AppleSupport I’m logged in on Apple Music but when I click on a song it takes me to the plan payment page, but when I select one it says I’m registered",@415458 Let's sort this out together. Have you checked to confirm you're logged into Apple Music on your device?,415458,1261229,1261230,billing_payment,,services_media
76,@AppleSupport As per latest media news apple india announce the warranty of iPhone in India even of they are purchased outside india. Please respond on DM,@479142 Great question! We're glad to go over details of the warranty and any restrictions to note. Please DM us to proceed. https://t.co/GDrqU22YpT,479142,1547568,1547567,order_purchase,,app_issue
77,"@AppleSupport Yes, unfortunately. From time to time, it just turn off link the battery had been removed. Then I turn it on normally. However it do not save the word file that I’m working in the momento for the failure.",@321952 We would like to work with you to address this issue. Was this a one-day occurrence or is you Mac still unexpectedly power off?,321952,849940,849938,hardware_device,,battery_charging
78,"@AppleSupport Podcasts will stop out of nowhere, and my music will start playing.",@454037 Please tell us what's going on with your iPhone. We're anxious to help get things resolved.,454037,1439365,1439364,services_media,,services_media
79,@AppleSupport Wifi and mobile network,@413800 We want to help. Does this happen if you are on a Wi-Fi network? DM us the answer and we'll look at any issues you're having there. https://t.co/GDrqU22YpT,413800,2893298,2893297,connectivity,,connectivity
80,@AppleSupport I just tried again and it said that there’s a problem with my payment @125607 want to send a phone for me to review on my channel?,"@394318 That’s a great question. The iOS update is free. Here’s a link that will show you how to complete that: https://t.co/80YRnjDFDk

For the apps, the charge will depend on the app developer. If there is a charge, you will be prompted to approve the charge.",394318,2282229,2282228,billing_payment,,billing_payment
81,@AppleSupport Well this isn’t a good feature.It should be shutting off completely like in iOS 10😐,@431548 This is normal behavior with iOS 11. See https://t.co/G7BHuQnDS6 for details on how those functions work in Control Center.,431548,1335507,1335506,general_troubleshooting,,software_update
82,@AppleSupport Atall and although I'm given a option to reset my password on iMessage every time I make a new one it won't accept my old or new ☹️,"@194984 Just to clarify, are these Keychain prompts, or something else? Also, do you receive prompts from the Keychain or other programs?",194984,331683,331682,account_access,,account_access
83,@AppleSupport iOS 11.0.2 is installed and iPhone 6 Plus,@196833 Let's team up and take a closer look at both of your iPhone's issues. Which model do you have and is iOS 11.0.2 installed?,196833,338615,338616,general_troubleshooting,,software_update
84,@AppleSupport Helllo ? Reply to me !,@443574 We'd love to help! This article has information on changing your payment method. None is an option: https://t.co/Y0YoIRcZa7,443574,1812293,1812291,general_troubleshooting,,app_issue
85,"@AppleSupport @419642 we are happy to help, just send a tweet to us.","@419642 Absolutely! Also, please keep in mind that apps greater than 100MB will require a Wi-Fi connection. https://t.co/KIxV84OZUm",607803,2055098,2055097,general_troubleshooting,,app_issue
86,"@AppleSupport Appears to be an issue with iCloud preferences. It asks for password which I provide, then sends me verification code, but no box provided.",@741580 Let's get you back to being productive with your emails. Do you use iCloud for your work email?,741580,2625360,2625358,account_access,,account_access
87,@AppleSupport iOS 11.0.3 and all my apps have been updated,@200266 Thank you for letting us know that you're having trouble. Which version of iOS are you using under Settings &gt; General &gt; About?,200266,354522,354521,general_troubleshooting,,software_update
88,"@AppleSupport Thanks for the follow up. Was trying to make the point that the fact that Bluetooth, alarm, and DND status icons are not visible in upper right (where we have LTE, WiFi, &amp; battery) is problematic in daily use, and could use improvement.","@706161 We’d love to take a closer look into this. To clarify, did the Phone app not show the badge app icon indicating missed calls?",706161,2750464,2750463,general_troubleshooting,,battery_charging
89,@AppleSupport I’m in Canada.,"@268755 Thanks for giving those tips a shot. Send us a DM with the country you're currently located in, and we'll continue from there. https://t.co/GDrqU22YpT",268755,628035,628036,general_troubleshooting,,app_issue
90,"@AppleSupport No, all apps are up to date, my phone is really slow, keyboard is driving me nuts, freezes and it is slow, among other things.",@387219 We'd like to see how we can help.  Do you have any available updates for apps in the App Store?,387219,1134084,1134083,hardware_device,,app_issue
91,@AppleSupport Yes but it isn’t charged at all.... still ok to charge and use it?,@317438 The Mac may not always come fully charged. Check out this link for great info on Mac batteries: https://t.co/IS1pJIaZuf,317438,829125,829124,battery_charging,,battery_charging
92,@AppleSupport I can’t control music on my iPhone via my Apple watch anymore. It used to show what was currently playing. I could use Siri to play music.,@393632 We'd like to know more about what's occurring on your iPhone. Send us a DM with the link below and we'll continue. https://t.co/GDrqU22YpT,393632,1163221,1163220,services_media,,app_issue
93,"@AppleSupport Hi. It’s fine now, thanks. Photos coming in gradually. Must be slow internet. Thanks again.",@503576 Do you use iCloud Photo Library? Was it enabled before you updated?,503576,1648380,1648379,connectivity,,connectivity
94,@AppleSupport @399487 I think all Apple phones have battery issues. Live with it.,@399487 We want you to have a good experience with the update &amp; want to help. Please send us a DM so we can assist you. https://t.co/GDrqU22YpT,546370,1819170,1819169,battery_charging,,battery_charging
95,@AppleSupport My phone froze. Had to restart to fix. What’s happening after iOS 11 update.,"Introducing the new Control Center in iOS 11. Now customizable.
Learn more https://t.co/fCNsZCyS3P https://t.co/WiFGzhh3AZ",177845,6690,6658,software_update,,software_update
96,@AppleSupport Just dm you guys,"@470503 Let's look into this together! DM us which device and iOS version you're seeing this issue on, and we'll start from there. https://t.co/GDrqU22YpT",470503,1977179,1977178,general_troubleshooting,,app_issue
97,@AppleSupport @703372  https://t.co/0BnZDBvJ9o,"@703372 iOS 11.1.1 was recently released and it includes a fix for autocorrect issues. Be sure to back up your device prior to updating, and let us know if the issue persists afterwards. How to back up: https://t.co/4f8hwT5to6 DM us if you need further assistance. https://t.co/GDrqU22YpT",703373,2455353,2455352,general_troubleshooting,,app_issue
98,@AppleSupport The error of “this device is not supported” comes up when prior to the latest update this was not an issue,"@516259 Are you seeing any errors when plugging in your device, or does it seem like it's not recognizing the cable?",516259,1702918,1702919,general_troubleshooting,,software_update
99,@AppleSupport Where can I see what kills my battery after 3 hours since iOS 11? also the podcast app is virtually unusable in 11. You have lost the plot.,"You can now add more controls to Control Center in iOS 11. Here's a guide. 
Learn more https://t.co/D5hw2gyots https://t.co/cpVyAGxQAg",367717,307416,307332,battery_charging,,battery_charging
100,@AppleSupport Why does it crash so fucking much? Why is music Ive purchased not available because I dont have apple music? Do you guys purposely poison us,"@526321 We're happy to help. Please share a few details, and we'll get started.",526321,1745548,1745547,services_media,,services_media
101,"@AppleSupport El iOS 11.0.3 en mi iPhone 6s funciona muy mal , estoy absolutamente disgustado , el teléfono funciona con retardo y poca fluidez","Keep your eyes on the road, not on your #iPhone. Use Do Not Disturb While Driving to limit notifications. https://t.co/CQfnicS7WD",362822,1025684,1025630,hardware_device,,software_update
102,"@AppleSupport I’m not really seeking help, i just want you to know how miserable #ios11 is, #batteryproblem cannot be solved I guess, my file cannot be restored as well, so there is really no way to make my Saturday great again, thanks for nothing",@196315 Thanks for reaching out. We'd like some additional details to help. DM us and we'll continue. https://t.co/GDrqU22YpT,196315,336667,336665,battery_charging,,battery_charging
103,"@AppleSupport It's an iPhone 6... and no joke, I can watch the % drop within minutes of it coming off the charge 😕",@325631 We can help. What iPhone model are you using there? When do you notice the battery draining the most?,325631,865944,865943,battery_charging,,battery_charging
104,@AppleSupport Turning off Location Services doesn’t help. Neither does turning off Background App Refresh.,@290057 Let's rule out some possible causes. Does it happen if you disable Background App Refresh?  https://t.co/w2fdi1mcZF,290057,711074,711073,general_troubleshooting,,app_issue
105,"@AppleSupport The same, Bluetooth is not working",@204181  We want your device working as expected. What's the behavior when you uninstall the app?,204181,372211,372212,connectivity,,connectivity
106,@AppleSupport My network is strong and hasn't dropped,"@346407 Are you getting any errors when trying to update in iTunes, or has it stopped completely with no movement?",346407,954195,954194,connectivity,,connectivity
107,"@AppleSupport @666679 Great question, dont even think of updating ios11. Your device will behave like a piece of crap","@666679 Great question. We're here to help you. Check out this link and scroll down to where it says 'iOS 11 is compatible with these devices.': https://t.co/LVMJqqcDhs
This includes some generations of the iPad Mini. DM us any other questions: https://t.co/GDrqU22YpT",128499,2296194,2296193,software_update,,software_update
108,@AppleSupport It’s just a white screen. It’s updated to 11.0.3,"@340170 We’ve got you covered. What’s happening with your Music app? Also, were you able to update your iOS to 11.0.3?",340170,1052197,1052198,hardware_device,,software_update
109,@AppleSupport @AppleSupport none of these works for my iphone 7 plus. Regret the purchase.,"@375680 Hey, we can help with the battery life. Have you tried the suggestions here?: https://t.co/bivpdfBNJ6",375680,1083941,1083940,general_troubleshooting,,app_issue
110,@AppleSupport @432271 Even worse. About every 10 seconds i lose 1%,@432271 We'd like to get to the bottom of what's happening. Please reach out to us in DM and we'll get started. https://t.co/GDrqU22YpT,432272,1338784,1338783,battery_charging,,app_issue
111,"@AppleSupport Went to the Apple store and got nowhere. Created most of the tones through iTunes. None work, default ring persists, regardless of which tone set","@730277 Hey, can you tell us some more details on what's going on with the ringtones? Also, were they purchased through the iTunes Store? Let us know some details and we'll do our best to help.",730277,2575319,2575318,services_media,,services_media
112,@AppleSupport I️ did update and it’s still happening,"@444312 Thank you for letting us know. Let's make sure you have a backup, and update to iOS 11.0.3. Let us know if the issue persists.",444312,1394562,1394561,general_troubleshooting,,software_update
113,@AppleSupport i dont have enough storage,"@447309 First, let's go ahead and back up your iPhone and update to the latest iOS 11.0.3. Let us know if the issue persists afterwards.",447309,1408187,1408186,general_troubleshooting,,app_issue
114,@AppleSupport This and iPhone 7 Plus https://t.co/d7ln1WIyM9,"@509269 Hi! We'd love to get some additional details about where you're seeing boxes. Also, what type of device are we working with?",509269,1673613,1673612,general_troubleshooting,,app_issue
115,@AppleSupport It just kept popping up every time I locked my phone for a few hours. It randomly stopped now tho. On a side note when I play music/podcasts/Spotify the lock screen is usually showing the wrong app (e.g. I’m playing a podcast. Lock screen shows Spotify playing 🤷🏽‍♂️),"@230271 That certainly isn't expected behavior. Let's work towards getting that resolved. Does this happen consistently or just once? Have you restarted your iPhone, and if so, does the keyboard disappear afterwards?",230271,484424,484423,services_media,,services_media
116,@AppleSupport I bought it through t-mobile. The associate said I should have it in 2 weeks. This was 09/25/17. Order says won't ship until 10/30/17. 😡,@302579 We are here to help. Let's reach out to our Online Sales team for help with this.  https://t.co/8yjRd1Xo0i,302579,763967,763966,order_purchase,,order_purchase
117,@AppleSupport I know all about the phone but I want to see it in person and try for myself how it works without the home button.,@361778 Hello! Thanks for your interest. Check out this link for more info: https://t.co/COYqvrDnEq Enjoy!,361778,1021680,1021679,order_purchase,,app_issue
118,"@AppleSupport It’s updated to ios11, and it’s not the apps that are slow. When I type or go to something, things glitch. After yesterday’s update. The phone in general.",@681239 We'll gladly assist. Can we get some details? What apps are slow? What device are you using? Is it updated to iOS 11.1.1?,681239,2358751,2358750,hardware_device,,software_update
119,@AppleSupport Messenger last updated 2 days ago. May be that update that has been buggy.,@328228 Let's check for updates to your installed apps in the App Store.,328228,877132,877131,app_issue,,software_update
120,"@AppleSupport Thank you.
Yes, it was connected to WiFi + plugged to the charger.",@732657 Great question! We're happy to help out with questions regarding your iCloud Photo Library. Is your iPad Pro connected to Wi-Fi or cellular when you see this alert?,732657,2585585,2585584,general_troubleshooting,,battery_charging
121,"@AppleSupport I just installed the new update, I think it solved the issue. Thanks!",@238856 Have you tried restarting your iPhone since this started happening?,238856,515842,515840,software_update,,software_update
122,"@AppleSupport Neither. When I say, “hey Siri turn on Bluetooth”",@446430 Let's work on this Bluetooth issue. Does this happen when you try to turn on Bluetooth from the Control center or Settings?,446430,1404074,1404073,connectivity,,connectivity
123,@AppleSupport 🅱️et,"@700480 iOS 11.1.1 was recently released and it includes a fix for autocorrect issues. Be sure to back up your device prior to updating, and let us know if the issue persists afterwards.",700480,2442726,2442725,general_troubleshooting,,app_issue
124,@AppleSupport I restarted haven’t gotten the message but I have WiFi turned off,"@629338 Do you currently have any updates for apps downloading? If you restart the iPhone, do you still get that message on Wi-Fi?",629338,2139942,2139941,general_troubleshooting,,connectivity
125,@AppleSupport Since i update to iOS 11.1 the battery runs out very fast On my iPhone 6 before that i havent any problem,@662658 We offer support via Twitter in English. Get help in Spanish here: https://t.co/IBIY3vMgPj or join https://t.co/OczyRx7IOs,662658,2279215,2279214,battery_charging,,battery_charging
126,@AppleSupport @134114 @453719 Seriously Apple! I believe most of your users know how to perform battery saving tricks! Sort out this iOS!,"@453719 We want you to enjoy the update. We'll help with the battery life. First, try the suggestions here:: https://t.co/bivpdfBNJ6",453720,1437565,1437564,battery_charging,,battery_charging
127,@AppleSupport I tried that first and have done so a few times since. No change,@423588 Often times restarting your device can help to resolve unexpected behaviors. Let's see if that helps.,423588,1299005,1299004,general_troubleshooting,,app_issue
128,@AppleSupport  https://t.co/Pum1l3jnAd,"@190289 What version of iOS 11 are you currently running? Also, what other issues are you having?",190289,2008456,2008454,general_troubleshooting,,app_issue
129,@AppleSupport Do those settings get synced to iCloud? I set up as new iPhone X. Each time I do I also get my kb shortcuts so something is syncing fr iClou,@483411 Hey there! Let's try resetting the keyboard. Go to Settings &gt; General &gt; Reset &gt; Reset Keyboard Dictionary. Let us know if this helps!,483411,2369462,2369461,account_access,,account_access
130,@AppleSupport I've tried all those steps it still just shows a charging screen,@290625 We'd like to help. Let us know if you've tried the steps here: https://t.co/8MvHMFZ83h,290625,713379,713378,battery_charging,,battery_charging
131,@AppleSupport I have the newest one...version 11.1.1,@700254 We'd love to help. Please let us know which iOS version you're using and we can go from there.,700254,2441801,2441800,general_troubleshooting,,app_issue
132,@AppleSupport 11.0.3 on my iPhone. Several apps have stopped working since the update. A message says to let the developer know.,@659600 We'd be happy to look into the issues you're experiencing. Which device and software version are you using?,659600,2266079,2266080,app_issue,,software_update
133,@AppleSupport the other option that i did is itunes&amp;app store-apple id-view apple id-sign in-payment info-then dead end theres no option to select none,"@813656 Are you referring to the payment information attached to your Apple ID, saved in your iCloud Keychain in Safari, or through Apple Pay?",813656,2945673,2945672,billing_payment,,account_access
134,@AppleSupport I don't know it says there's a update and I clicked to get it but it's not working sometimes it says 1h to go,@202411 Hi there. Are you connected to Wi-Fi? Check here for tips: https://t.co/6rYhjnPAcy Which iPad Mini model do you have?,202411,364717,364716,software_update,,software_update
135,"@AppleSupport And I simply can’t access that video with no other app, except from the video app from apple, that only let me play the video, nothing else",@261509 OK. Would you please clarify a bit more for us please? Where did the video in question come from? Which app are you using?,261509,820674,820672,services_media,,app_issue
136,@AppleSupport My Apple Music doesn’t function any longer. It freezes. My programs shut down now. Everything just sucks. I️ should have never updated.,@494696 We're here to help with any software issues you may have. Can you provide us with more details?,494696,1757706,1757705,services_media,,software_update
137,"@AppleSupport Ever since i did the ios 11 update, my iPhone 7 plus doesnt connect to anything with the bluetooth also iPhone shuts off by itself when im on pandora",@540939 We may be able to help. What is happening with your Bluetooth? Let us know to continue.,540939,2281205,2281204,connectivity,,connectivity
138,@AppleSupport I have used every possible way both manually and Using the control center.My Wifi security is WPA is that an issue?,@546009 Are you using the Control Center to connect to Wi-Fi? Learn more about how the newly designed Control Center works in iOS 11: https://t.co/G7BHuQnDS6,546009,2472870,2472869,connectivity,,connectivity
139,"@AppleSupport Some apps the pages won’t refresh, the wheel just keeps spinning. When trying to send pics thru messaging my phone has frozen 5 different times.",@163167 We'd like to look into this with you. Could you let us know what is happening with your iPhone that necessitates needing to restart it?,163167,2757519,2757518,app_issue,,app_issue
140,@AppleSupport Was able to get it to factory settings from linking to iTunes and doing the factory reset.,@445715 We're here for you. Are you wanting to restore it to factory settings or restore a backup on your iPhone?,445715,1541151,1541150,general_troubleshooting,,services_media
141,@AppleSupport @316512 IPhone 5s,@316512 We'd like to help. What kind of device do you have and are you updated to iOS11.0.3? You can check in Settings &gt; General &gt; About,316513,825113,825112,general_troubleshooting,,app_issue
142,"@AppleSupport Thanks, I’m on version 11.0.3",@346600 We're happy to assist. Which iOS 11 version are you currently running? Go to Settings &gt; General &gt; About for the version.,346600,955063,955062,general_troubleshooting,,app_issue
143,@AppleSupport I think I'm going to skip that one,"@481348 We've recently released iOS 11.1.1, which includes the latest bug fixes and improvements. Let's create a backup and update your iPhone following the steps here: https://t.co/80YRnjDFDk",481348,1557115,1557114,general_troubleshooting,,app_issue
144,@AppleSupport I deleted them and tried to download them again but still no luck. I can't download anything at all yet I still have space,@497654 Got it. If you tap the apps do they pause at all?  Also can you delete them and try to download again?,497654,1624979,1624978,app_issue,,app_issue
145,"@AppleSupport No, but the same email account on my iPad doesn’t do this so I’m assuming it’s localised.",@595463 Are the other email accounts that work from the same email service provider?,595463,2013799,2013798,general_troubleshooting,,app_issue
146,"@AppleSupport There is nothing to assist me with... iOS 11’s battery optimisation is shit and that’s all there is to it. Background App Refresh and Raise to Wake are off, 95% of the day at lowest brightness, barely any data usage... and I get 4-5 hours of usage. With data enabled I get like 3.",@666619 We’re here to help. Let’s team up in DM and we’ll do our best to assist you. https://t.co/GDrqU22YpT,666619,2295912,2295911,battery_charging,,battery_charging
147,@AppleSupport This how my phone is behaving after IOS11. Freezes frequently. https://t.co/gRO5ia4o8k,@539473 We want you to be able to enjoy the new update. We can help. Send us a DM and we can look into this with you. https://t.co/GDrqU22YpT,539473,1795305,1795304,hardware_device,,software_update
148,@AppleSupport My LTE works fine but when I connect to WIFI and then leave that location is no longer works. I can make calls and SMS but apps and iMessage no longer work. I have tried all the work-arounds. It is either an iOS issue or a hardware issue,"@717995 We're happy to help with any concerns. Are you have an issue with connecting to your internet? Wi-Fi or cellular? If not, what is the exact issue?",717995,2520775,2520774,connectivity,,connectivity
149,"@AppleSupport I got past this, reached the terminal option but the the dialogue box where one has to type the new password was blocked - couldn’t type in it",@790411 Let's figure this out together. Did you perform any steps or updates before this happened? Have you tried restarting your Mac since it became stuck on this screen?,790411,2840391,2840390,account_access,,account_access
150,"@AppleSupport I have forgotten the password to the Icloud, the email I signed up with is also Icloud so that is my main issue.","@743095 You'll need the Apple ID and password to get past the Activation Lock. If you're not sure of your Apple ID and password, we'd like to get you over to our Apple ID support. They'll be the best ones to help with this: https://t.co/UJm15vmMM2",743095,2631627,2631626,account_access,,account_access
151,"@AppleSupport It says added to library and has the cloud over to download, when I look in my library it’s not there and after returning to music later on",@753308 We want to help make sure you can enjoy your music. What happens when you try to add a song to a playlist?,753308,2676484,2676483,services_media,,app_issue
153,@AppleSupport iCloud photos are not missing. it’s the ability to sync with photos from Photos app that has dissapeared,"@239562 Let’s take a closer look into this. First, do you see all of your missing iCloud photos at https://t.co/9bUADNZWPX?",239562,518368,518366,services_media,,account_access
154,@AppleSupport iPhone 6s+ and I haven't updated to 11 but this has been happening for quite some time now. Last time I updated it wiped my phone so been delaying this one.,@777500 We want to help! What model of iOS device are you using? Do you have the most recent version of iOS 11.1.2 downloaded? https://t.co/GDrqU22YpT,777500,2784590,2784591,software_update,,software_update
155,@AppleSupport I have the iPhone 7 Plus and it is iOS 11.0.3,"@343068 Hey, we can look into this together. Which device are you using and what's the iOS device?",343068,940967,940966,general_troubleshooting,,software_update
156,"@AppleSupport No. Haha, I said when the screen is dim. I’ll be talking on the phone and within’ like 10 seconds the screen fades and I have to keep","@199885 Are you referring to auto-brightness? If so, check out the guidance here for how to change this: https://t.co/QGzyuyr5Ra",199885,773533,773532,hardware_device,,app_issue
157,"@AppleSupport first noticed today, Friday being new music day 😊 running iOS 11.0.3 in UK 🇬🇧  It was there earlier in week I’m sure 😅",@373237 We're happy to look into this with you. Which iOS version is installed on this iPhone? When did you first notice this change?,373237,1073192,1073191,services_media,,software_update
158,@AppleSupport It's happened to my on SoundCloud and Apple Music. iPhone 7,"@817563 We can understand wanting to listen to your music without loud static. Let’s dig a little deeper to see what we can find out. To start, which device are you having the issue with? Which application are you listening to music with?",817563,2962879,2962878,services_media,,services_media
159,@AppleSupport Yeah I am. Not sure what I was on before it was iOS 10 of some sort.,@152254 We'd like to help you get back to enjoying your music. Are you on iOS 11.1.2? What iOS version were you on prior?,152254,157789,157788,general_troubleshooting,,software_update
160,"@AppleSupport It just returns me to the login screen. It doesn’t say that the password is incorrect, and I know my login is right because I could",@342723 We'd like to help out with that. What happens when you try to sign in?,342723,939569,939568,account_access,,account_access
161,@AppleSupport You don’t see people timeline bout send a Dm with the issue. FIX YOUR OPERATING SYSTEM!!!,@527702 We can help! Send us a DM with some more information about the issue you're expierencing. https://t.co/GDrqU22YpT,527702,1751432,1751431,general_troubleshooting,,app_issue
162,@AppleSupport I thought maybe using video in Instagram or Snapchat or any other app would be the thing causing settings to change so I checked and it wasn’t that,"@222712 Thanks for letting us know, when did you first start to notice this? We’ll want to look into the details of the iOS software on the iPhone. Please confirm the iOS version number by going to Settings &gt; General &gt; About.",222712,453887,453885,general_troubleshooting,,app_issue
163,@AppleSupport Thanks? I guess it’s a temporary fix,@502699 Here’s what you can do to work around the issue until it’s fixed in a future software update: https://t.co/uQeXsrrlXJ,502699,1645086,1645085,general_troubleshooting,,app_issue
164,"@AppleSupport Hello, Cleaned up the memory, but it did not help",@768332 Does that amount change when you clear the history and website data in Safari? DM us your response here: https://t.co/GDrqU22YpT,768332,2743038,2743037,general_troubleshooting,,app_issue
165,"@AppleSupport Thanks for responding! Since updating I can’t connect to wifi at all. The toggle is greyed out. Tried the sleep/ side button, also the various resets etc, all to no avail. Really frustrating.",@532652 We expect you to have a great experience with iOS 11. You have our commitment to help! What happens when connecting to Wi-Fi?,532652,1772189,1772188,connectivity,,connectivity
166,"@AppleSupport Yes it does. I’ve deleted apps, reinstalled them, closed them, restarted my phone, but nothing seems to work. It still slows down, freezes, and crashes",@258012 Thanks for clarifying that for us. Does the iPhone slow down at all before it freezes?,258012,584794,584793,app_issue,,app_issue
167,@AppleSupport The newest one.  I have an iPhone 7 Plus.  WiFi/lte &amp; it’s still like that.  You’ve had so many complains about it,@386789 We certainly want you to be able to enjoy your Maps app. Let's work to get this resolved. Which version of iOS is installed?,386789,1132175,1132174,connectivity,,connectivity
168,"@AppleSupport Hmm, I think this is a Twitter app issue. Not iOS11. It doesn’t do it in safari.","@177952 Let's work together to figure it out. To clarify, which version of iOS 11 do you have installed? Also, please provide more details on what's specifically occurring and what you're doing at the time the music is pausing. What app are you using the GIF's in?",177952,2795424,2795423,app_issue,,software_update
169,@AppleSupport Noooo I still see them boxes 😤,@239915 We'd be glad to be of assistance. We have addressed this issue in our recent iOS 11.1.1 update: https://t.co/uQeXsrrlXJ,239915,2429200,2429199,general_troubleshooting,,app_issue
170,@AppleSupport So that screen shot I sent you is nothing to worry about?,"@157656 We appreciate that, thank you! Check out our page here for some helpful info: https://t.co/V2QRdtocGo DM us with any questions. https://t.co/GDrqU22YpT",157656,1301886,1301885,general_troubleshooting,,app_issue
171,"@AppleSupport It’s not on, it’s not giving me notifications for any app except from text messages and the calendar","@671036 We'll be happy to help with that. To start, can you tell us if this is happening only with notifications sent from one specific application or from them all? Also, is Do Not Disturb enabled on your iPhone? https://t.co/8HnF4Ksats",671036,2923654,2923653,general_troubleshooting,,app_issue
172,@AppleSupport That’s the same link you provided in your original response. 0 help Apple. Am I communicating with a Human or AI account?,"@692102 We understand for sure. If you still need help with your Apple ID, we'd recommend contacting our support team. Try out this link for help:  https://t.co/UJm15vmMM2",692102,2406531,2406530,general_troubleshooting,,app_issue
173,@AppleSupport Nope I turned the orientation lock off. I checked before I tweeted this. The symbol beside the battery is the Bluetooth.,"@279055 We want you to love iOS 11 as much as we do, and we’ll assist. Do you have orientation lock enabled in Control Center?",279055,2550305,2550303,connectivity,,battery_charging
174,@AppleSupport @477011 When someone apps me than i get a Some soort of zoem noise after mij normaal sound is this becouse the iOS 11.1 update????,"@477011 We recently released iOS 11.1. Let's try updating after backing up with our steps here: https://t.co/6p9Tcj51N4
DM your results https://t.co/GDrqU22YpT",477012,1538845,1538844,hardware_device,,software_update
175,@AppleSupport 11.1 and it happens when using twitter and Instagram and a few others,@674148 We'd like to help. Which iOS version are you currently using and which app are you using to play music? Does this happen with or without headphones?,674148,2341835,2341834,app_issue,,app_issue
176,@AppleSupport Oh wow! a workaround for something that broke which was totally fine until it was screwed up. Nice! Safe to say ios11 needs to be sunsetted,@159626 Here’s what you can do to work around the issue until it’s fixed in a future software update: https://t.co/uQeXsrrlXJ https://t.co/GDrqU22YpT,159626,185505,185504,software_update,,software_update
177,@AppleSupport Thanks. Couldn’t get the erase button in iTunes. But set it to erase in iCloud. Left it pending. Will try recovery mode when Back w client,"@166022 Let's help you regain access. In this scenario, check out: https://t.co/F1QfwW1u1N",166022,211171,211172,account_access,,account_access
178,"@AppleSupport IOS 11.1.1, my battery is reducing really quickly","@669162 We're here to help. What issues are you noticing with your iPhone? Also, under Settings &gt; General &gt; About, what version of iOS are you on?",669162,2306622,2306621,battery_charging,,battery_charging
179,@AppleSupport verifying emails is all that comes up.  won't allow anything else,@190042 We are happy to help. What do you currently have on the screen of your iPhone? Please reply with a DM. https://t.co/GDrqU22YpT,190042,752184,752183,account_access,,app_issue
180,@AppleSupport the problem is still occurring after updating to the most recent IOS update,@154028 Great. Please keep us posted on the results.,154028,164195,164194,software_update,,software_update
181,@AppleSupport I have updated to 11.0.2. I have been religiously updating apps but it feels like even when not in apps it’s hanging and freezing with reset,"@184518 Let us help out. Tell us which version of iOS 11 in Settings &gt; General &gt; About. Also, are there any App Store updates available?",184518,287504,287503,software_update,,software_update
182,@AppleSupport Some are downloaded some are streamed. It’s not playing when I’m connected to WiFi nor when I’m on cellular,"@150971 Are the songs you're playing downloaded to your iPhone or are you streaming them? If you're streaming, are you connected to Wi-Fi or cellular data?",150971,152889,152888,services_media,,connectivity
183,@AppleSupport 11.1 - and it hasn't made anything better than the last dodgy IOS 11 versions that were released.,@407124 We can help out. What iOS version are you currently on?,407124,1679138,1679137,software_update,,software_update
184,"@AppleSupport I recorded a 2 minute video, about half way the audio cut out",@231135 We'd love to help. What sort of behavior are you seeing when you try?,231135,1221923,1221922,services_media,,app_issue
185,@AppleSupport I’m sorry but that didn’t fix a thing 🤷🏽‍♀️,@528882 Here’s what you can do to work around the issue until it’s fixed in a future software update: https://t.co/xXaXeeSRt9,528882,1756425,1756424,general_troubleshooting,,app_issue
186,@AppleSupport iPhone 7s plus. iOS 11.0.3. Whenever I turn my WiFi’s off I have no LTE or anything,@386791 We'd like to look into this with you. What kind of iPhone do you have? What is your current iOS version?,386791,1132182,1132181,connectivity,,connectivity
187,@AppleSupport WiFi &amp; 4G,"@231163 Is this happening with videos recorded by your iPhone as well, or only when you are watching videos using apps such as YouTube, Twitter, etc.? Are you connecting to cellular data or Wi-Fi when noticing this behavior? Also, does restarting help at all?",231163,488007,488006,connectivity,,connectivity
188,"@AppleSupport I’ve done both. In iTunes it wasn’t there at all, it just said purchased. Thank you for replying.",@223857 Are you currently in the iTunes Store app or are you inside the Music app? If in the iTunes Store then you'll want to look up the album in the Music app.,223857,458393,458391,services_media,,services_media
189,"@AppleSupport @684185 My wife has been having the same issue for the past hour and a half. She cannot login to iCloud from the website, or from any of her devices (which are all up to date). Looks like many others are having this issue too:
https://t.co/cPj1MTur4J","@684185 Thanks for those details. Do you have any other devices signed into iCloud currently? If so, are they throwing up a server error when attempting to connect to your iCloud mail?",548079,2371096,2371094,account_access,,account_access
190,"@AppleSupport The problem persists after rebooting it in safe mode. Only this time, instead of just showing the pinwheel, segments of the screen horizontally fade in until the page reloads. Almost like a PowerPoint slide exit.",@808561 Does this happen while using any specific applications? Have you checked to see if the issue persist after booting into safe mode? Safe mode will also clear the system cache. Let's test that out: https://t.co/PQ4LSYhUTY Let us know the results.,808561,2921524,2921523,hardware_device,,app_issue
191,@AppleSupport Thank you for the reply. I would like to change my shipping information that I entered correctly but YOUR website changed AFTER checkout.,@306852 Thanks for reaching out to us. We would love to help you. Please tell us how we can support you.,306852,1948370,1948371,order_purchase,,order_purchase
192,"@AppleSupport As it seems to be a widespread problem, perhaps you can tell me by public message.",@142155 Thanks for reaching out to us. We'd like to work closely with you and get your iPhone working properly. Please join us in DM and we'll get started. https://t.co/GDrqU22YpT,142155,117939,117938,general_troubleshooting,,app_issue
193,@AppleSupport yes but i don’t get why it said my phone was dead when it was charging perfectly fine the afternoon before,@297222 We want to help get your day started on the right foot. Is your iPhone charging normally now?,297222,741014,741013,battery_charging,,battery_charging
194,"@AppleSupport Yea I've sent you a DM, so many problems with Apple this year.",@580060 We'd like to help with any iCloud issues you're experiencing. Please DM us all about it &amp; any steps you've tried so far to proceed. https://t.co/GDrqU22YpT,580060,1954029,1954028,general_troubleshooting,,app_issue
195,"@AppleSupport 11.1.2 version and whenever I search an artist and select a song to play, a screen pops up saying I’m already a registered member for Apple Music. Won’t let me play anything other than what’s in my library OR I have to select and album and shuffle.","@814889 We'd love to look into this with you!  We definitely want you to be able to enjoy your music.  To start, can you tell us what happens when you try to listen to music? Also, what iOS version are you currently on?",814889,2950958,2950955,services_media,,services_media
196,@AppleSupport Is Apple ever going to fix the Bluetooth problem. I can’t connect to my car and my@Pokémon go plus?,"You can now add more controls to Control Center in iOS 11. Here's a guide. 
Learn more https://t.co/D5hw2gyots https://t.co/cpVyAGxQAg",219067,307390,307332,connectivity,,connectivity
197,"@AppleSupport 
Current version iOS 11.0.3","@567886 Just to confirm, which iOS version are you currently running? Go to Settings &gt; General &gt; About for the version.",567886,1905796,1905795,general_troubleshooting,,software_update
198,"@AppleSupport It’s asking me to input my payment details again even though it’s already in there and when I do, it declines my card. I tried both WiFi and cellular data neither works. I tried signing in to another Apple account and that didn’t work either.","@801124 We want you to be able to update your apps, and we'd like to help. What happens when you try to update? Also, are you using a Wi-Fi or cellular data connection?",801124,2889449,2889448,billing_payment,,connectivity
199,"@AppleSupport I've spent my whole day at your woodfield &amp; oakbrook apple locations, as well as put in my CC info and still don't have a working phone...",@398649 We can understand needing access to your iPhone and we'd like to get it working right again. Please DM us here: https://t.co/GDrqU22YpT,398649,2464424,1185061,general_troubleshooting,,app_issue
200,@applesupport I was used Wi-Fi connection,@460805 Downloads are dependent on the network connection. Are you doing this over Wi-Fi or cellular data?,460805,1468296,1468295,connectivity,,connectivity
